<annotation>
	<folder>5</folder>
	<filename>20190814_130550_2.jpg</filename>
	<path>D:\jiancha\src\5\20190814_130550_2.jpg</path>
	<source>
		<database>Unknown</database>
	</source>
	<size>
		<width>700</width>
		<height>490</height>
		<depth>3</depth>
	</size>
	<segmented>0</segmented>
	<object>
		<name>YKMZ-Ju_Se_Mian_Pan</name>
		<pose>Unspecified</pose>
		<truncated>1</truncated>
		<difficult>0</difficult>
		<bndbox>
			<xmin>35</xmin>
			<ymin>1</ymin>
			<xmax>442</xmax>
			<ymax>384</ymax>
		</bndbox>
	</object>
</annotation>
