<annotation>
	<folder>src</folder>
	<filename>20190814_093142_3.jpg</filename>
	<path>D:\src\20190814_093142_3.jpg</path>
	<source>
		<database>Unknown</database>
	</source>
	<size>
		<width>700</width>
		<height>490</height>
		<depth>3</depth>
	</size>
	<segmented>0</segmented>
	<object>
		<name>YKMZ-Lv_Se_Tang_Wan</name>
		<pose>Unspecified</pose>
		<truncated>0</truncated>
		<difficult>0</difficult>
		<bndbox>
			<xmin>10</xmin>
			<ymin>84</ymin>
			<xmax>346</xmax>
			<ymax>423</ymax>
		</bndbox>
	</object>
	<object>
		<name>YKMZ-Ju_Se_Yuan_Wan</name>
		<pose>Unspecified</pose>
		<truncated>0</truncated>
		<difficult>0</difficult>
		<bndbox>
			<xmin>381</xmin>
			<ymin>67</ymin>
			<xmax>574</xmax>
			<ymax>264</ymax>
		</bndbox>
	</object>
</annotation>
