<annotation>
	<folder>src</folder>
	<filename>20190814_093034_1.jpg</filename>
	<path>D:\src\20190814_093034_1.jpg</path>
	<source>
		<database>Unknown</database>
	</source>
	<size>
		<width>700</width>
		<height>490</height>
		<depth>3</depth>
	</size>
	<segmented>0</segmented>
	<object>
		<name>YKMZ-Ju_Se_Tang_Wan</name>
		<pose>Unspecified</pose>
		<truncated>0</truncated>
		<difficult>0</difficult>
		<bndbox>
			<xmin>373</xmin>
			<ymin>146</ymin>
			<xmax>681</xmax>
			<ymax>458</ymax>
		</bndbox>
	</object>
	<object>
		<name>YKMZ-Huang_Se_Ao_Bian_Wan</name>
		<pose>Unspecified</pose>
		<truncated>0</truncated>
		<difficult>0</difficult>
		<bndbox>
			<xmin>200</xmin>
			<ymin>72</ymin>
			<xmax>390</xmax>
			<ymax>263</ymax>
		</bndbox>
	</object>
	<object>
		<name>YKMZ-Ka_Fei_Ao_Bian_Wan</name>
		<pose>Unspecified</pose>
		<truncated>0</truncated>
		<difficult>0</difficult>
		<bndbox>
			<xmin>194</xmin>
			<ymin>271</ymin>
			<xmax>384</xmax>
			<ymax>458</ymax>
		</bndbox>
	</object>
</annotation>
