<annotation>
	<folder>src</folder>
	<filename>20190814_093027_1.jpg</filename>
	<path>D:\src\20190814_093027_1.jpg</path>
	<source>
		<database>Unknown</database>
	</source>
	<size>
		<width>700</width>
		<height>490</height>
		<depth>3</depth>
	</size>
	<segmented>0</segmented>
	<object>
		<name>YKMZ-Ju_Se_Tang_Wan</name>
		<pose>Unspecified</pose>
		<truncated>1</truncated>
		<difficult>0</difficult>
		<bndbox>
			<xmin>114</xmin>
			<ymin>255</ymin>
			<xmax>429</xmax>
			<ymax>490</ymax>
		</bndbox>
	</object>
	<object>
		<name>YKMZ-Ka_Fei_Ao_Bian_Wan</name>
		<pose>Unspecified</pose>
		<truncated>0</truncated>
		<difficult>0</difficult>
		<bndbox>
			<xmin>236</xmin>
			<ymin>50</ymin>
			<xmax>429</xmax>
			<ymax>243</ymax>
		</bndbox>
	</object>
	<object>
		<name>YKMZ-Huang_Se_Ao_Bian_Wan</name>
		<pose>Unspecified</pose>
		<truncated>0</truncated>
		<difficult>0</difficult>
		<bndbox>
			<xmin>468</xmin>
			<ymin>258</ymin>
			<xmax>649</xmax>
			<ymax>443</ymax>
		</bndbox>
	</object>
</annotation>
