<annotation>
	<folder>src</folder>
	<filename>20190814_093254_6.jpg</filename>
	<path>E:\src\20190814_093254_6.jpg</path>
	<source>
		<database>Unknown</database>
	</source>
	<size>
		<width>700</width>
		<height>490</height>
		<depth>3</depth>
	</size>
	<segmented>0</segmented>
	<object>
		<name>YKMZ-Huang_Se_Tang_Wan</name>
		<pose>Unspecified</pose>
		<truncated>1</truncated>
		<difficult>0</difficult>
		<bndbox>
			<xmin>293</xmin>
			<ymin>1</ymin>
			<xmax>620</xmax>
			<ymax>250</ymax>
		</bndbox>
	</object>
	<object>
		<name>YKMZ-Ju_Se_Ao_Bian_Wan</name>
		<pose>Unspecified</pose>
		<truncated>0</truncated>
		<difficult>0</difficult>
		<bndbox>
			<xmin>98</xmin>
			<ymin>225</ymin>
			<xmax>303</xmax>
			<ymax>425</ymax>
		</bndbox>
	</object>
	<object>
		<name>YKMZ-Lv_Se_Ao_Bian_Wan</name>
		<pose>Unspecified</pose>
		<truncated>1</truncated>
		<difficult>0</difficult>
		<bndbox>
			<xmin>123</xmin>
			<ymin>1</ymin>
			<xmax>304</xmax>
			<ymax>181</ymax>
		</bndbox>
	</object>
</annotation>
