<annotation>
	<folder>src</folder>
	<filename>20190814_093256_6.jpg</filename>
	<path>E:\label3\src\20190814_093256_6.jpg</path>
	<source>
		<database>Unknown</database>
	</source>
	<size>
		<width>700</width>
		<height>490</height>
		<depth>3</depth>
	</size>
	<segmented>0</segmented>
	<object>
		<name>YKMZ-Huang_Se_Tang_Wan</name>
		<pose>Unspecified</pose>
		<truncated>1</truncated>
		<difficult>0</difficult>
		<bndbox>
			<xmin>206</xmin>
			<ymin>1</ymin>
			<xmax>548</xmax>
			<ymax>277</ymax>
		</bndbox>
	</object>
	<object>
		<name>YKMZ-Ju_Se_Ao_Bian_Wan</name>
		<pose>Unspecified</pose>
		<truncated>0</truncated>
		<difficult>0</difficult>
		<bndbox>
			<xmin>161</xmin>
			<ymin>228</ymin>
			<xmax>374</xmax>
			<ymax>440</ymax>
		</bndbox>
	</object>
	<object>
		<name>YKMZ-Lv_Se_Ao_Bian_Wan</name>
		<pose>Unspecified</pose>
		<truncated>0</truncated>
		<difficult>0</difficult>
		<bndbox>
			<xmin>54</xmin>
			<ymin>37</ymin>
			<xmax>245</xmax>
			<ymax>251</ymax>
		</bndbox>
	</object>
</annotation>
