<annotation>
	<folder>src</folder>
	<filename>20190814_093302_6.jpg</filename>
	<path>D:\src\20190814_093302_6.jpg</path>
	<source>
		<database>Unknown</database>
	</source>
	<size>
		<width>700</width>
		<height>490</height>
		<depth>3</depth>
	</size>
	<segmented>0</segmented>
	<object>
		<name>YKMZ-Huang_Se_Tang_Wan</name>
		<pose>Unspecified</pose>
		<truncated>1</truncated>
		<difficult>0</difficult>
		<bndbox>
			<xmin>78</xmin>
			<ymin>1</ymin>
			<xmax>416</xmax>
			<ymax>311</ymax>
		</bndbox>
	</object>
	<object>
		<name>YKMZ-Ju_Se_Ao_Bian_Wan</name>
		<pose>Unspecified</pose>
		<truncated>0</truncated>
		<difficult>0</difficult>
		<bndbox>
			<xmin>402</xmin>
			<ymin>211</ymin>
			<xmax>596</xmax>
			<ymax>407</ymax>
		</bndbox>
	</object>
	<object>
		<name>YKMZ-Lv_Se_Ao_Bian_Wan</name>
		<pose>Unspecified</pose>
		<truncated>1</truncated>
		<difficult>0</difficult>
		<bndbox>
			<xmin>227</xmin>
			<ymin>301</ymin>
			<xmax>429</xmax>
			<ymax>490</ymax>
		</bndbox>
	</object>
</annotation>
