<annotation>
	<folder>src</folder>
	<filename>20190814_093131_3.jpg</filename>
	<path>D:\src\20190814_093131_3.jpg</path>
	<source>
		<database>Unknown</database>
	</source>
	<size>
		<width>700</width>
		<height>490</height>
		<depth>3</depth>
	</size>
	<segmented>0</segmented>
	<object>
		<name>YKMZ-Lv_Se_Tang_Wan</name>
		<pose>Unspecified</pose>
		<truncated>1</truncated>
		<difficult>0</difficult>
		<bndbox>
			<xmin>219</xmin>
			<ymin>1</ymin>
			<xmax>565</xmax>
			<ymax>327</ymax>
		</bndbox>
	</object>
	<object>
		<name>YKMZ-Ju_Se_Yuan_Wan</name>
		<pose>Unspecified</pose>
		<truncated>0</truncated>
		<difficult>0</difficult>
		<bndbox>
			<xmin>131</xmin>
			<ymin>270</ymin>
			<xmax>330</xmax>
			<ymax>463</ymax>
		</bndbox>
	</object>
</annotation>
