<annotation>
	<folder>src</folder>
	<filename>20190814_093122_3.jpg</filename>
	<path>D:\src\20190814_093122_3.jpg</path>
	<source>
		<database>Unknown</database>
	</source>
	<size>
		<width>700</width>
		<height>490</height>
		<depth>3</depth>
	</size>
	<segmented>0</segmented>
	<object>
		<name>YKMZ-Lv_Se_Tang_Wan</name>
		<pose>Unspecified</pose>
		<truncated>0</truncated>
		<difficult>0</difficult>
		<bndbox>
			<xmin>244</xmin>
			<ymin>34</ymin>
			<xmax>582</xmax>
			<ymax>375</ymax>
		</bndbox>
	</object>
	<object>
		<name>YKMZ-Ju_Se_Yuan_Wan</name>
		<pose>Unspecified</pose>
		<truncated>0</truncated>
		<difficult>0</difficult>
		<bndbox>
			<xmin>11</xmin>
			<ymin>163</ymin>
			<xmax>198</xmax>
			<ymax>361</ymax>
		</bndbox>
	</object>
</annotation>
