<annotation>
	<folder>src</folder>
	<filename>20190814_093118_3.jpg</filename>
	<path>D:\src\20190814_093118_3.jpg</path>
	<source>
		<database>Unknown</database>
	</source>
	<size>
		<width>700</width>
		<height>490</height>
		<depth>3</depth>
	</size>
	<segmented>0</segmented>
	<object>
		<name>YKMZ-Lv_Se_Tang_Wan</name>
		<pose>Unspecified</pose>
		<truncated>0</truncated>
		<difficult>0</difficult>
		<bndbox>
			<xmin>16</xmin>
			<ymin>116</ymin>
			<xmax>353</xmax>
			<ymax>455</ymax>
		</bndbox>
	</object>
	<object>
		<name>YKMZ-Ju_Se_Yuan_Wan</name>
		<pose>Unspecified</pose>
		<truncated>0</truncated>
		<difficult>0</difficult>
		<bndbox>
			<xmin>413</xmin>
			<ymin>165</ymin>
			<xmax>603</xmax>
			<ymax>364</ymax>
		</bndbox>
	</object>
</annotation>
