<annotation>
	<folder>src</folder>
	<filename>20190814_093138_3.jpg</filename>
	<path>D:\src\20190814_093138_3.jpg</path>
	<source>
		<database>Unknown</database>
	</source>
	<size>
		<width>700</width>
		<height>490</height>
		<depth>3</depth>
	</size>
	<segmented>0</segmented>
	<object>
		<name>YKMZ-Lv_Se_Tang_Wan</name>
		<pose>Unspecified</pose>
		<truncated>0</truncated>
		<difficult>0</difficult>
		<bndbox>
			<xmin>239</xmin>
			<ymin>63</ymin>
			<xmax>580</xmax>
			<ymax>408</ymax>
		</bndbox>
	</object>
	<object>
		<name>YKMZ-Ju_Se_Yuan_Wan</name>
		<pose>Unspecified</pose>
		<truncated>0</truncated>
		<difficult>0</difficult>
		<bndbox>
			<xmin>36</xmin>
			<ymin>224</ymin>
			<xmax>229</xmax>
			<ymax>421</ymax>
		</bndbox>
	</object>
</annotation>
