<annotation>
	<folder>src</folder>
	<filename>20190814_093018_1.jpg</filename>
	<path>D:\src\20190814_093018_1.jpg</path>
	<source>
		<database>Unknown</database>
	</source>
	<size>
		<width>700</width>
		<height>490</height>
		<depth>3</depth>
	</size>
	<segmented>0</segmented>
	<object>
		<name>YKMZ-Ju_Se_Tang_Wan</name>
		<pose>Unspecified</pose>
		<truncated>0</truncated>
		<difficult>0</difficult>
		<bndbox>
			<xmin>141</xmin>
			<ymin>3</ymin>
			<xmax>461</xmax>
			<ymax>320</ymax>
		</bndbox>
	</object>
	<object>
		<name>YKMZ-Huang_Se_Ao_Bian_Wan</name>
		<pose>Unspecified</pose>
		<truncated>0</truncated>
		<difficult>0</difficult>
		<bndbox>
			<xmin>98</xmin>
			<ymin>250</ymin>
			<xmax>285</xmax>
			<ymax>433</ymax>
		</bndbox>
	</object>
	<object>
		<name>YKMZ-Ka_Fei_Ao_Bian_Wan</name>
		<pose>Unspecified</pose>
		<truncated>0</truncated>
		<difficult>0</difficult>
		<bndbox>
			<xmin>368</xmin>
			<ymin>285</ymin>
			<xmax>555</xmax>
			<ymax>470</ymax>
		</bndbox>
	</object>
</annotation>
