<annotation>
	<folder>src</folder>
	<filename>20190814_093024_3.jpg</filename>
	<path>D:\src\20190814_093024_3.jpg</path>
	<source>
		<database>Unknown</database>
	</source>
	<size>
		<width>700</width>
		<height>490</height>
		<depth>3</depth>
	</size>
	<segmented>0</segmented>
	<object>
		<name>YKMZ-Lv_Se_Tang_Wan</name>
		<pose>Unspecified</pose>
		<truncated>1</truncated>
		<difficult>0</difficult>
		<bndbox>
			<xmin>251</xmin>
			<ymin>212</ymin>
			<xmax>585</xmax>
			<ymax>490</ymax>
		</bndbox>
	</object>
	<object>
		<name>YKMZ-Ju_Se_Yuan_Wan</name>
		<pose>Unspecified</pose>
		<truncated>0</truncated>
		<difficult>0</difficult>
		<bndbox>
			<xmin>278</xmin>
			<ymin>7</ymin>
			<xmax>478</xmax>
			<ymax>210</ymax>
		</bndbox>
	</object>
</annotation>
