<annotation>
	<folder>src</folder>
	<filename>20190814_103256_7.jpg</filename>
	<path>E:\label3\src\20190814_103256_7.jpg</path>
	<source>
		<database>Unknown</database>
	</source>
	<size>
		<width>700</width>
		<height>490</height>
		<depth>3</depth>
	</size>
	<segmented>0</segmented>
	<object>
		<name>YKMZ-Huang_Se_Mian_Pan</name>
		<pose>Unspecified</pose>
		<truncated>0</truncated>
		<difficult>0</difficult>
		<bndbox>
			<xmin>31</xmin>
			<ymin>95</ymin>
			<xmax>431</xmax>
			<ymax>484</ymax>
		</bndbox>
	</object>
</annotation>
