<annotation>
	<folder>src</folder>
	<filename>20190814_093020_1.jpg</filename>
	<path>D:\src\20190814_093020_1.jpg</path>
	<source>
		<database>Unknown</database>
	</source>
	<size>
		<width>700</width>
		<height>490</height>
		<depth>3</depth>
	</size>
	<segmented>0</segmented>
	<object>
		<name>YKMZ-Ju_Se_Tang_Wan</name>
		<pose>Unspecified</pose>
		<truncated>0</truncated>
		<difficult>0</difficult>
		<bndbox>
			<xmin>71</xmin>
			<ymin>59</ymin>
			<xmax>382</xmax>
			<ymax>373</ymax>
		</bndbox>
	</object>
	<object>
		<name>YKMZ-Ka_Fei_Ao_Bian_Wan</name>
		<pose>Unspecified</pose>
		<truncated>0</truncated>
		<difficult>0</difficult>
		<bndbox>
			<xmin>427</xmin>
			<ymin>245</ymin>
			<xmax>618</xmax>
			<ymax>432</ymax>
		</bndbox>
	</object>
	<object>
		<name>YKMZ-Huang_Se_Ao_Bian_Wan</name>
		<pose>Unspecified</pose>
		<truncated>1</truncated>
		<difficult>0</difficult>
		<bndbox>
			<xmin>198</xmin>
			<ymin>334</ymin>
			<xmax>390</xmax>
			<ymax>490</ymax>
		</bndbox>
	</object>
</annotation>
