<annotation>
	<folder>src</folder>
	<filename>20190814_093108_3.jpg</filename>
	<path>D:\src\20190814_093108_3.jpg</path>
	<source>
		<database>Unknown</database>
	</source>
	<size>
		<width>700</width>
		<height>490</height>
		<depth>3</depth>
	</size>
	<segmented>0</segmented>
	<object>
		<name>YKMZ-Lv_Se_Tang_Wan</name>
		<pose>Unspecified</pose>
		<truncated>0</truncated>
		<difficult>0</difficult>
		<bndbox>
			<xmin>270</xmin>
			<ymin>103</ymin>
			<xmax>608</xmax>
			<ymax>441</ymax>
		</bndbox>
	</object>
	<object>
		<name>YKMZ-Ju_Se_Yuan_Wan</name>
		<pose>Unspecified</pose>
		<truncated>0</truncated>
		<difficult>0</difficult>
		<bndbox>
			<xmin>72</xmin>
			<ymin>260</ymin>
			<xmax>266</xmax>
			<ymax>452</ymax>
		</bndbox>
	</object>
</annotation>
