<annotation>
	<folder>src</folder>
	<filename>20190814_093112_3.jpg</filename>
	<path>D:\src\20190814_093112_3.jpg</path>
	<source>
		<database>Unknown</database>
	</source>
	<size>
		<width>700</width>
		<height>490</height>
		<depth>3</depth>
	</size>
	<segmented>0</segmented>
	<object>
		<name>YKMZ-Lv_Se_Tang_Wan</name>
		<pose>Unspecified</pose>
		<truncated>0</truncated>
		<difficult>0</difficult>
		<bndbox>
			<xmin>34</xmin>
			<ymin>113</ymin>
			<xmax>373</xmax>
			<ymax>452</ymax>
		</bndbox>
	</object>
	<object>
		<name>YKMZ-Ju_Se_Yuan_Wan</name>
		<pose>Unspecified</pose>
		<truncated>0</truncated>
		<difficult>0</difficult>
		<bndbox>
			<xmin>386</xmin>
			<ymin>83</ymin>
			<xmax>580</xmax>
			<ymax>282</ymax>
		</bndbox>
	</object>
</annotation>
