<annotation>
	<folder>src</folder>
	<filename>20190814_093157_3.jpg</filename>
	<path>D:\src\20190814_093157_3.jpg</path>
	<source>
		<database>Unknown</database>
	</source>
	<size>
		<width>700</width>
		<height>490</height>
		<depth>3</depth>
	</size>
	<segmented>0</segmented>
	<object>
		<name>YKMZ-Lv_Se_Tang_Wan</name>
		<pose>Unspecified</pose>
		<truncated>0</truncated>
		<difficult>0</difficult>
		<bndbox>
			<xmin>260</xmin>
			<ymin>60</ymin>
			<xmax>596</xmax>
			<ymax>403</ymax>
		</bndbox>
	</object>
	<object>
		<name>YKMZ-Ju_Se_Yuan_Wan</name>
		<pose>Unspecified</pose>
		<truncated>0</truncated>
		<difficult>0</difficult>
		<bndbox>
			<xmin>56</xmin>
			<ymin>106</ymin>
			<xmax>252</xmax>
			<ymax>307</ymax>
		</bndbox>
	</object>
</annotation>
