<annotation>
	<folder>src</folder>
	<filename>20190814_093121_3.jpg</filename>
	<path>D:\src\20190814_093121_3.jpg</path>
	<source>
		<database>Unknown</database>
	</source>
	<size>
		<width>700</width>
		<height>490</height>
		<depth>3</depth>
	</size>
	<segmented>0</segmented>
	<object>
		<name>YKMZ-Lv_Se_Tang_Wan</name>
		<pose>Unspecified</pose>
		<truncated>0</truncated>
		<difficult>0</difficult>
		<bndbox>
			<xmin>348</xmin>
			<ymin>85</ymin>
			<xmax>670</xmax>
			<ymax>419</ymax>
		</bndbox>
	</object>
	<object>
		<name>YKMZ-Ju_Se_Yuan_Wan</name>
		<pose>Unspecified</pose>
		<truncated>0</truncated>
		<difficult>0</difficult>
		<bndbox>
			<xmin>101</xmin>
			<ymin>132</ymin>
			<xmax>301</xmax>
			<ymax>332</ymax>
		</bndbox>
	</object>
</annotation>
