<annotation>
	<folder>src</folder>
	<filename>20190814_130602_2.jpg</filename>
	<path>E:\label3\src\20190814_130602_2.jpg</path>
	<source>
		<database>Unknown</database>
	</source>
	<size>
		<width>700</width>
		<height>490</height>
		<depth>3</depth>
	</size>
	<segmented>0</segmented>
	<object>
		<name>YKMZ-Ju_Se_Mian_Pan</name>
		<pose>Unspecified</pose>
		<truncated>0</truncated>
		<difficult>0</difficult>
		<bndbox>
			<xmin>27</xmin>
			<ymin>17</ymin>
			<xmax>434</xmax>
			<ymax>425</ymax>
		</bndbox>
	</object>
</annotation>
