<annotation>
	<folder>src</folder>
	<filename>20190814_093410_6.jpg</filename>
	<path>D:\src\20190814_093410_6.jpg</path>
	<source>
		<database>Unknown</database>
	</source>
	<size>
		<width>700</width>
		<height>490</height>
		<depth>3</depth>
	</size>
	<segmented>0</segmented>
	<object>
		<name>YKMZ-Huang_Se_Tang_Wan</name>
		<pose>Unspecified</pose>
		<truncated>1</truncated>
		<difficult>0</difficult>
		<bndbox>
			<xmin>313</xmin>
			<ymin>1</ymin>
			<xmax>640</xmax>
			<ymax>303</ymax>
		</bndbox>
	</object>
	<object>
		<name>YKMZ-Lv_Se_Ao_Bian_Wan</name>
		<pose>Unspecified</pose>
		<truncated>0</truncated>
		<difficult>0</difficult>
		<bndbox>
			<xmin>57</xmin>
			<ymin>80</ymin>
			<xmax>259</xmax>
			<ymax>286</ymax>
		</bndbox>
	</object>
	<object>
		<name>YKMZ-Ju_Se_Ao_Bian_Wan</name>
		<pose>Unspecified</pose>
		<truncated>0</truncated>
		<difficult>0</difficult>
		<bndbox>
			<xmin>244</xmin>
			<ymin>239</ymin>
			<xmax>453</xmax>
			<ymax>445</ymax>
		</bndbox>
	</object>
</annotation>
