<annotation>
	<folder>src</folder>
	<filename>20190814_093205_3.jpg</filename>
	<path>D:\src\20190814_093205_3.jpg</path>
	<source>
		<database>Unknown</database>
	</source>
	<size>
		<width>700</width>
		<height>490</height>
		<depth>3</depth>
	</size>
	<segmented>0</segmented>
	<object>
		<name>YKMZ-Lv_Se_Tang_Wan</name>
		<pose>Unspecified</pose>
		<truncated>0</truncated>
		<difficult>0</difficult>
		<bndbox>
			<xmin>254</xmin>
			<ymin>64</ymin>
			<xmax>590</xmax>
			<ymax>409</ymax>
		</bndbox>
	</object>
	<object>
		<name>YKMZ-Ju_Se_Yuan_Wan</name>
		<pose>Unspecified</pose>
		<truncated>0</truncated>
		<difficult>0</difficult>
		<bndbox>
			<xmin>31</xmin>
			<ymin>195</ymin>
			<xmax>224</xmax>
			<ymax>395</ymax>
		</bndbox>
	</object>
</annotation>
