<annotation>
	<folder>src</folder>
	<filename>20190814_093013_1.jpg</filename>
	<path>D:\src\20190814_093013_1.jpg</path>
	<source>
		<database>Unknown</database>
	</source>
	<size>
		<width>700</width>
		<height>490</height>
		<depth>3</depth>
	</size>
	<segmented>0</segmented>
	<object>
		<name>YKMZ-Ju_Se_Tang_Wan</name>
		<pose>Unspecified</pose>
		<truncated>0</truncated>
		<difficult>0</difficult>
		<bndbox>
			<xmin>367</xmin>
			<ymin>131</ymin>
			<xmax>674</xmax>
			<ymax>444</ymax>
		</bndbox>
	</object>
	<object>
		<name>YKMZ-Huang_Se_Ao_Bian_Wan</name>
		<pose>Unspecified</pose>
		<truncated>0</truncated>
		<difficult>0</difficult>
		<bndbox>
			<xmin>175</xmin>
			<ymin>85</ymin>
			<xmax>368</xmax>
			<ymax>279</ymax>
		</bndbox>
	</object>
	<object>
		<name>YKMZ-Ka_Fei_Ao_Bian_Wan</name>
		<pose>Unspecified</pose>
		<truncated>1</truncated>
		<difficult>0</difficult>
		<bndbox>
			<xmin>253</xmin>
			<ymin>317</ymin>
			<xmax>441</xmax>
			<ymax>490</ymax>
		</bndbox>
	</object>
</annotation>
