<annotation>
	<folder>src</folder>
	<filename>20190814_093326_6.jpg</filename>
	<path>E:\label3\src\20190814_093326_6.jpg</path>
	<source>
		<database>Unknown</database>
	</source>
	<size>
		<width>700</width>
		<height>490</height>
		<depth>3</depth>
	</size>
	<segmented>0</segmented>
	<object>
		<name>YKMZ-Huang_Se_Tang_Wan</name>
		<pose>Unspecified</pose>
		<truncated>1</truncated>
		<difficult>0</difficult>
		<bndbox>
			<xmin>169</xmin>
			<ymin>1</ymin>
			<xmax>512</xmax>
			<ymax>287</ymax>
		</bndbox>
	</object>
	<object>
		<name>YKMZ-Ju_Se_Ao_Bian_Wan</name>
		<pose>Unspecified</pose>
		<truncated>0</truncated>
		<difficult>0</difficult>
		<bndbox>
			<xmin>419</xmin>
			<ymin>238</ymin>
			<xmax>622</xmax>
			<ymax>439</ymax>
		</bndbox>
	</object>
	<object>
		<name>YKMZ-Lv_Se_Ao_Bian_Wan</name>
		<pose>Unspecified</pose>
		<truncated>0</truncated>
		<difficult>0</difficult>
		<bndbox>
			<xmin>128</xmin>
			<ymin>290</ymin>
			<xmax>335</xmax>
			<ymax>484</ymax>
		</bndbox>
	</object>
</annotation>
