<annotation>
	<folder>src</folder>
	<filename>20190814_153613_5.jpg</filename>
	<path>E:\label3\src\20190814_153613_5.jpg</path>
	<source>
		<database>Unknown</database>
	</source>
	<size>
		<width>700</width>
		<height>490</height>
		<depth>3</depth>
	</size>
	<segmented>0</segmented>
	<object>
		<name>YKMZ-Huang_Se_Fang_Die</name>
		<pose>Unspecified</pose>
		<truncated>0</truncated>
		<difficult>0</difficult>
		<bndbox>
			<xmin>77</xmin>
			<ymin>5</ymin>
			<xmax>305</xmax>
			<ymax>234</ymax>
		</bndbox>
	</object>
	<object>
		<name>YKMZ-Lv_Se_Fang_Die</name>
		<pose>Unspecified</pose>
		<truncated>0</truncated>
		<difficult>0</difficult>
		<bndbox>
			<xmin>313</xmin>
			<ymin>213</ymin>
			<xmax>536</xmax>
			<ymax>434</ymax>
		</bndbox>
	</object>
	<object>
		<name>YKMZ-Ju_Se_Fang_Die</name>
		<pose>Unspecified</pose>
		<truncated>1</truncated>
		<difficult>0</difficult>
		<bndbox>
			<xmin>302</xmin>
			<ymin>1</ymin>
			<xmax>528</xmax>
			<ymax>221</ymax>
		</bndbox>
	</object>
</annotation>
