<annotation>
	<folder>src</folder>
	<filename>20190814_130704_7.jpg</filename>
	<path>D:\src\20190814_130704_7.jpg</path>
	<source>
		<database>Unknown</database>
	</source>
	<size>
		<width>700</width>
		<height>490</height>
		<depth>3</depth>
	</size>
	<segmented>0</segmented>
	<object>
		<name>YKMZ-Huang_Se_Mian_Pan</name>
		<pose>Unspecified</pose>
		<truncated>0</truncated>
		<difficult>0</difficult>
		<bndbox>
			<xmin>33</xmin>
			<ymin>72</ymin>
			<xmax>429</xmax>
			<ymax>466</ymax>
		</bndbox>
	</object>
</annotation>
