<annotation>
	<folder>src</folder>
	<filename>20190814_141243_4.jpg</filename>
	<path>E:\label3\src\20190814_141243_4.jpg</path>
	<source>
		<database>Unknown</database>
	</source>
	<size>
		<width>700</width>
		<height>490</height>
		<depth>3</depth>
	</size>
	<segmented>0</segmented>
	<object>
		<name>YKMZ-Fan_Wan</name>
		<pose>Unspecified</pose>
		<truncated>1</truncated>
		<difficult>0</difficult>
		<bndbox>
			<xmin>228</xmin>
			<ymin>1</ymin>
			<xmax>445</xmax>
			<ymax>183</ymax>
		</bndbox>
	</object>
</annotation>
