<annotation>
	<folder>src</folder>
	<filename>20190814_153609_5.jpg</filename>
	<path>D:\src\20190814_153609_5.jpg</path>
	<source>
		<database>Unknown</database>
	</source>
	<size>
		<width>700</width>
		<height>490</height>
		<depth>3</depth>
	</size>
	<segmented>0</segmented>
	<object>
		<name>YKMZ-Huang_Se_Fang_Die</name>
		<pose>Unspecified</pose>
		<truncated>1</truncated>
		<difficult>0</difficult>
		<bndbox>
			<xmin>175</xmin>
			<ymin>1</ymin>
			<xmax>404</xmax>
			<ymax>223</ymax>
		</bndbox>
	</object>
	<object>
		<name>YKMZ-Ju_Se_Fang_Die</name>
		<pose>Unspecified</pose>
		<truncated>0</truncated>
		<difficult>0</difficult>
		<bndbox>
			<xmin>376</xmin>
			<ymin>97</ymin>
			<xmax>601</xmax>
			<ymax>316</ymax>
		</bndbox>
	</object>
	<object>
		<name>YKMZ-Lv_Se_Fang_Die</name>
		<pose>Unspecified</pose>
		<truncated>0</truncated>
		<difficult>0</difficult>
		<bndbox>
			<xmin>205</xmin>
			<ymin>241</ymin>
			<xmax>426</xmax>
			<ymax>460</ymax>
		</bndbox>
	</object>
</annotation>
