<annotation>
	<folder>src</folder>
	<filename>20190814_152014_5.jpg</filename>
	<path>D:\src\20190814_152014_5.jpg</path>
	<source>
		<database>Unknown</database>
	</source>
	<size>
		<width>700</width>
		<height>490</height>
		<depth>3</depth>
	</size>
	<segmented>0</segmented>
	<object>
		<name>YKMZ-Huang_Se_Fang_Die</name>
		<pose>Unspecified</pose>
		<truncated>0</truncated>
		<difficult>0</difficult>
		<bndbox>
			<xmin>152</xmin>
			<ymin>47</ymin>
			<xmax>370</xmax>
			<ymax>270</ymax>
		</bndbox>
	</object>
	<object>
		<name>YKMZ-Ju_Se_Fang_Die</name>
		<pose>Unspecified</pose>
		<truncated>0</truncated>
		<difficult>0</difficult>
		<bndbox>
			<xmin>371</xmin>
			<ymin>47</ymin>
			<xmax>582</xmax>
			<ymax>268</ymax>
		</bndbox>
	</object>
	<object>
		<name>YKMZ-Lv_Se_Fang_Die</name>
		<pose>Unspecified</pose>
		<truncated>0</truncated>
		<difficult>0</difficult>
		<bndbox>
			<xmin>108</xmin>
			<ymin>263</ymin>
			<xmax>325</xmax>
			<ymax>472</ymax>
		</bndbox>
	</object>
</annotation>
