<annotation>
	<folder>src</folder>
	<filename>20190814_130631_7.jpg</filename>
	<path>D:\src\20190814_130631_7.jpg</path>
	<source>
		<database>Unknown</database>
	</source>
	<size>
		<width>700</width>
		<height>490</height>
		<depth>3</depth>
	</size>
	<segmented>0</segmented>
	<object>
		<name>YKMZ-Huang_Se_Mian_Pan</name>
		<pose>Unspecified</pose>
		<truncated>1</truncated>
		<difficult>0</difficult>
		<bndbox>
			<xmin>75</xmin>
			<ymin>1</ymin>
			<xmax>475</xmax>
			<ymax>366</ymax>
		</bndbox>
	</object>
</annotation>
