<annotation>
	<folder>src</folder>
	<filename>20190814_153626_5.jpg</filename>
	<path>D:\src\20190814_153626_5.jpg</path>
	<source>
		<database>Unknown</database>
	</source>
	<size>
		<width>700</width>
		<height>490</height>
		<depth>3</depth>
	</size>
	<segmented>0</segmented>
	<object>
		<name>YKMZ-Lv_Se_Fang_Die</name>
		<pose>Unspecified</pose>
		<truncated>1</truncated>
		<difficult>0</difficult>
		<bndbox>
			<xmin>229</xmin>
			<ymin>1</ymin>
			<xmax>448</xmax>
			<ymax>214</ymax>
		</bndbox>
	</object>
	<object>
		<name>YKMZ-Huang_Se_Fang_Die</name>
		<pose>Unspecified</pose>
		<truncated>0</truncated>
		<difficult>0</difficult>
		<bndbox>
			<xmin>361</xmin>
			<ymin>159</ymin>
			<xmax>581</xmax>
			<ymax>390</ymax>
		</bndbox>
	</object>
	<object>
		<name>YKMZ-Ju_Se_Fang_Die</name>
		<pose>Unspecified</pose>
		<truncated>0</truncated>
		<difficult>0</difficult>
		<bndbox>
			<xmin>96</xmin>
			<ymin>167</ymin>
			<xmax>312</xmax>
			<ymax>395</ymax>
		</bndbox>
	</object>
</annotation>
