<annotation>
	<folder>src</folder>
	<filename>20190814_153611_5.jpg</filename>
	<path>D:\src\20190814_153611_5.jpg</path>
	<source>
		<database>Unknown</database>
	</source>
	<size>
		<width>700</width>
		<height>490</height>
		<depth>3</depth>
	</size>
	<segmented>0</segmented>
	<object>
		<name>YKMZ-Lv_Se_Fang_Die</name>
		<pose>Unspecified</pose>
		<truncated>0</truncated>
		<difficult>0</difficult>
		<bndbox>
			<xmin>278</xmin>
			<ymin>227</ymin>
			<xmax>497</xmax>
			<ymax>441</ymax>
		</bndbox>
	</object>
	<object>
		<name>YKMZ-Huang_Se_Fang_Die</name>
		<pose>Unspecified</pose>
		<truncated>1</truncated>
		<difficult>0</difficult>
		<bndbox>
			<xmin>116</xmin>
			<ymin>1</ymin>
			<xmax>346</xmax>
			<ymax>227</ymax>
		</bndbox>
	</object>
	<object>
		<name>YKMZ-Ju_Se_Fang_Die</name>
		<pose>Unspecified</pose>
		<truncated>1</truncated>
		<difficult>0</difficult>
		<bndbox>
			<xmin>350</xmin>
			<ymin>1</ymin>
			<xmax>569</xmax>
			<ymax>215</ymax>
		</bndbox>
	</object>
</annotation>
