<annotation>
	<folder>1</folder>
	<filename>20190814_141231_4.jpg</filename>
	<path>D:\jiancha\src\1\20190814_141231_4.jpg</path>
	<source>
		<database>Unknown</database>
	</source>
	<size>
		<width>700</width>
		<height>490</height>
		<depth>3</depth>
	</size>
	<segmented>0</segmented>
	<object>
		<name>YKMZ-Fan_Wan</name>
		<pose>Unspecified</pose>
		<truncated>0</truncated>
		<difficult>0</difficult>
		<bndbox>
			<xmin>84</xmin>
			<ymin>58</ymin>
			<xmax>302</xmax>
			<ymax>291</ymax>
		</bndbox>
	</object>
</annotation>
