<annotation>
	<folder>src</folder>
	<filename>20190814_141236_4.jpg</filename>
	<path>D:\src\20190814_141236_4.jpg</path>
	<source>
		<database>Unknown</database>
	</source>
	<size>
		<width>700</width>
		<height>490</height>
		<depth>3</depth>
	</size>
	<segmented>0</segmented>
	<object>
		<name>YKMZ-Fan_Wan</name>
		<pose>Unspecified</pose>
		<truncated>0</truncated>
		<difficult>0</difficult>
		<bndbox>
			<xmin>35</xmin>
			<ymin>25</ymin>
			<xmax>237</xmax>
			<ymax>231</ymax>
		</bndbox>
	</object>
</annotation>
