<annotation>
	<folder>src</folder>
	<filename>20190814_153556_5.jpg</filename>
	<path>D:\src\20190814_153556_5.jpg</path>
	<source>
		<database>Unknown</database>
	</source>
	<size>
		<width>700</width>
		<height>490</height>
		<depth>3</depth>
	</size>
	<segmented>0</segmented>
	<object>
		<name>YKMZ-Lv_Se_Fang_Die</name>
		<pose>Unspecified</pose>
		<truncated>0</truncated>
		<difficult>0</difficult>
		<bndbox>
			<xmin>334</xmin>
			<ymin>5</ymin>
			<xmax>564</xmax>
			<ymax>241</ymax>
		</bndbox>
	</object>
	<object>
		<name>YKMZ-Huang_Se_Fang_Die</name>
		<pose>Unspecified</pose>
		<truncated>0</truncated>
		<difficult>0</difficult>
		<bndbox>
			<xmin>278</xmin>
			<ymin>251</ymin>
			<xmax>492</xmax>
			<ymax>462</ymax>
		</bndbox>
	</object>
	<object>
		<name>YKMZ-Ju_Se_Fang_Die</name>
		<pose>Unspecified</pose>
		<truncated>0</truncated>
		<difficult>0</difficult>
		<bndbox>
			<xmin>122</xmin>
			<ymin>17</ymin>
			<xmax>334</xmax>
			<ymax>239</ymax>
		</bndbox>
	</object>
</annotation>
