<annotation>
	<folder>src</folder>
	<filename>20190814_141234_4.jpg</filename>
	<path>E:\label3\src\20190814_141234_4.jpg</path>
	<source>
		<database>Unknown</database>
	</source>
	<size>
		<width>700</width>
		<height>490</height>
		<depth>3</depth>
	</size>
	<segmented>0</segmented>
	<object>
		<name>YKMZ-Fan_Wan</name>
		<pose>Unspecified</pose>
		<truncated>0</truncated>
		<difficult>0</difficult>
		<bndbox>
			<xmin>48</xmin>
			<ymin>156</ymin>
			<xmax>267</xmax>
			<ymax>372</ymax>
		</bndbox>
	</object>
</annotation>
