<annotation>
	<folder>src</folder>
	<filename>20190814_153559_5.jpg</filename>
	<path>D:\src\20190814_153559_5.jpg</path>
	<source>
		<database>Unknown</database>
	</source>
	<size>
		<width>700</width>
		<height>490</height>
		<depth>3</depth>
	</size>
	<segmented>0</segmented>
	<object>
		<name>YKMZ-Huang_Se_Fang_Die</name>
		<pose>Unspecified</pose>
		<truncated>0</truncated>
		<difficult>0</difficult>
		<bndbox>
			<xmin>373</xmin>
			<ymin>221</ymin>
			<xmax>578</xmax>
			<ymax>438</ymax>
		</bndbox>
	</object>
	<object>
		<name>YKMZ-Ju_Se_Fang_Die</name>
		<pose>Unspecified</pose>
		<truncated>0</truncated>
		<difficult>0</difficult>
		<bndbox>
			<xmin>153</xmin>
			<ymin>248</ymin>
			<xmax>372</xmax>
			<ymax>466</ymax>
		</bndbox>
	</object>
	<object>
		<name>YKMZ-Lv_Se_Fang_Die</name>
		<pose>Unspecified</pose>
		<truncated>0</truncated>
		<difficult>0</difficult>
		<bndbox>
			<xmin>256</xmin>
			<ymin>9</ymin>
			<xmax>485</xmax>
			<ymax>235</ymax>
		</bndbox>
	</object>
</annotation>
