<annotation>
	<folder>2</folder>
	<filename>20190814_153555_5.jpg</filename>
	<path>D:\jiancha\src\2\20190814_153555_5.jpg</path>
	<source>
		<database>Unknown</database>
	</source>
	<size>
		<width>700</width>
		<height>490</height>
		<depth>3</depth>
	</size>
	<segmented>0</segmented>
	<object>
		<name>YKMZ-Ju_Se_Fang_Die</name>
		<pose>Unspecified</pose>
		<truncated>0</truncated>
		<difficult>0</difficult>
		<bndbox>
			<xmin>117</xmin>
			<ymin>12</ymin>
			<xmax>343</xmax>
			<ymax>245</ymax>
		</bndbox>
	</object>
	<object>
		<name>YKMZ-Lv_Se_Fang_Die</name>
		<pose>Unspecified</pose>
		<truncated>0</truncated>
		<difficult>0</difficult>
		<bndbox>
			<xmin>370</xmin>
			<ymin>159</ymin>
			<xmax>616</xmax>
			<ymax>397</ymax>
		</bndbox>
	</object>
	<object>
		<name>YKMZ-Huang_Se_Fang_Die</name>
		<pose>Unspecified</pose>
		<truncated>0</truncated>
		<difficult>0</difficult>
		<bndbox>
			<xmin>121</xmin>
			<ymin>233</ymin>
			<xmax>365</xmax>
			<ymax>466</ymax>
		</bndbox>
	</object>
</annotation>
