<annotation>
	<folder>src</folder>
	<filename>20190814_153644_5.jpg</filename>
	<path>E:\label3\src\20190814_153644_5.jpg</path>
	<source>
		<database>Unknown</database>
	</source>
	<size>
		<width>700</width>
		<height>490</height>
		<depth>3</depth>
	</size>
	<segmented>0</segmented>
	<object>
		<name>YKMZ-Huang_Se_Fang_Die</name>
		<pose>Unspecified</pose>
		<truncated>0</truncated>
		<difficult>0</difficult>
		<bndbox>
			<xmin>109</xmin>
			<ymin>234</ymin>
			<xmax>333</xmax>
			<ymax>462</ymax>
		</bndbox>
	</object>
	<object>
		<name>YKMZ-Lv_Se_Fang_Die</name>
		<pose>Unspecified</pose>
		<truncated>0</truncated>
		<difficult>0</difficult>
		<bndbox>
			<xmin>332</xmin>
			<ymin>216</ymin>
			<xmax>554</xmax>
			<ymax>447</ymax>
		</bndbox>
	</object>
	<object>
		<name>YKMZ-Ju_Se_Fang_Die</name>
		<pose>Unspecified</pose>
		<truncated>1</truncated>
		<difficult>0</difficult>
		<bndbox>
			<xmin>170</xmin>
			<ymin>1</ymin>
			<xmax>401</xmax>
			<ymax>210</ymax>
		</bndbox>
	</object>
</annotation>
