<annotation>
	<folder>src</folder>
	<filename>20201120_092735.jpg</filename>
	<path>D:\src\src\20201120_092735.jpg</path>
	<source>
		<database>Unknown</database>
	</source>
	<size>
		<width>1024</width>
		<height>768</height>
		<depth>3</depth>
	</size>
	<segmented>0</segmented>
	<object>
		<name>GWHNGD-Bai_Se_Fan_Wan</name>
		<pose>Unspecified</pose>
		<truncated>0</truncated>
		<difficult>0</difficult>
		<bndbox>
			<xmin>230</xmin>
			<ymin>408</ymin>
			<xmax>505</xmax>
			<ymax>672</ymax>
		</bndbox>
	</object>
	<object>
		<name>GWHNGD-Bai_Se_Si_Fang_Pan</name>
		<pose>Unspecified</pose>
		<truncated>0</truncated>
		<difficult>0</difficult>
		<bndbox>
			<xmin>342</xmin>
			<ymin>36</ymin>
			<xmax>632</xmax>
			<ymax>322</ymax>
		</bndbox>
	</object>
	<object>
		<name>GWHNGD-Bai_Se_Fang_Wan</name>
		<pose>Unspecified</pose>
		<truncated>0</truncated>
		<difficult>0</difficult>
		<bndbox>
			<xmin>72</xmin>
			<ymin>198</ymin>
			<xmax>312</xmax>
			<ymax>457</ymax>
		</bndbox>
	</object>
	<object>
		<name>GWHNGD-Bai_Se_Shuang_Er_Pan</name>
		<pose>Unspecified</pose>
		<truncated>0</truncated>
		<difficult>0</difficult>
		<bndbox>
			<xmin>585</xmin>
			<ymin>106</ymin>
			<xmax>857</xmax>
			<ymax>389</ymax>
		</bndbox>
	</object>
	<object>
		<name>GWHNGD-Bai_Se_Tuo_Yuan_Pan</name>
		<pose>Unspecified</pose>
		<truncated>0</truncated>
		<difficult>0</difficult>
		<bndbox>
			<xmin>473</xmin>
			<ymin>395</ymin>
			<xmax>848</xmax>
			<ymax>629</ymax>
		</bndbox>
	</object>
</annotation>
