<annotation>
	<folder>src</folder>
	<filename>20201201_131229_3.jpg</filename>
	<path>D:\src\src\20201201_131229_3.jpg</path>
	<source>
		<database>Unknown</database>
	</source>
	<size>
		<width>1024</width>
		<height>768</height>
		<depth>3</depth>
	</size>
	<segmented>0</segmented>
	<object>
		<name>GWHNGD-Lv_Se_Mian_Wan</name>
		<pose>Unspecified</pose>
		<truncated>0</truncated>
		<difficult>0</difficult>
		<bndbox>
			<xmin>230</xmin>
			<ymin>162</ymin>
			<xmax>663</xmax>
			<ymax>590</ymax>
		</bndbox>
	</object>
</annotation>
