<annotation>
	<folder>src</folder>
	<filename>20201120_092454.jpg</filename>
	<path>D:\src\src\20201120_092454.jpg</path>
	<source>
		<database>Unknown</database>
	</source>
	<size>
		<width>1024</width>
		<height>768</height>
		<depth>3</depth>
	</size>
	<segmented>0</segmented>
	<object>
		<name>GWHNGD-Bai_Se_Fan_Wan</name>
		<pose>Unspecified</pose>
		<truncated>0</truncated>
		<difficult>0</difficult>
		<bndbox>
			<xmin>299</xmin>
			<ymin>47</ymin>
			<xmax>572</xmax>
			<ymax>313</ymax>
		</bndbox>
	</object>
	<object>
		<name>GWHNGD-Bai_Se_Si_Fang_Pan</name>
		<pose>Unspecified</pose>
		<truncated>0</truncated>
		<difficult>0</difficult>
		<bndbox>
			<xmin>619</xmin>
			<ymin>87</ymin>
			<xmax>886</xmax>
			<ymax>356</ymax>
		</bndbox>
	</object>
	<object>
		<name>GWHNGD-Bai_Se_Fang_Wan</name>
		<pose>Unspecified</pose>
		<truncated>0</truncated>
		<difficult>0</difficult>
		<bndbox>
			<xmin>73</xmin>
			<ymin>268</ymin>
			<xmax>330</xmax>
			<ymax>543</ymax>
		</bndbox>
	</object>
	<object>
		<name>GWHNGD-Bai_Se_Shuang_Er_Pan</name>
		<pose>Unspecified</pose>
		<truncated>0</truncated>
		<difficult>0</difficult>
		<bndbox>
			<xmin>286</xmin>
			<ymin>359</ymin>
			<xmax>575</xmax>
			<ymax>639</ymax>
		</bndbox>
	</object>
	<object>
		<name>GWHNGD-Bai_Se_Tuo_Yuan_Pan</name>
		<pose>Unspecified</pose>
		<truncated>0</truncated>
		<difficult>0</difficult>
		<bndbox>
			<xmin>540</xmin>
			<ymin>345</ymin>
			<xmax>857</xmax>
			<ymax>660</ymax>
		</bndbox>
	</object>
</annotation>
