<annotation>
	<folder>src</folder>
	<filename>20201120_092711.jpg</filename>
	<path>D:\src\src\20201120_092711.jpg</path>
	<source>
		<database>Unknown</database>
	</source>
	<size>
		<width>1024</width>
		<height>768</height>
		<depth>3</depth>
	</size>
	<segmented>0</segmented>
	<object>
		<name>GWHNGD-Bai_Se_Fan_Wan</name>
		<pose>Unspecified</pose>
		<truncated>0</truncated>
		<difficult>0</difficult>
		<bndbox>
			<xmin>586</xmin>
			<ymin>95</ymin>
			<xmax>847</xmax>
			<ymax>362</ymax>
		</bndbox>
	</object>
	<object>
		<name>GWHNGD-Bai_Se_Si_Fang_Pan</name>
		<pose>Unspecified</pose>
		<truncated>0</truncated>
		<difficult>0</difficult>
		<bndbox>
			<xmin>302</xmin>
			<ymin>364</ymin>
			<xmax>588</xmax>
			<ymax>648</ymax>
		</bndbox>
	</object>
	<object>
		<name>GWHNGD-Bai_Se_Fang_Wan</name>
		<pose>Unspecified</pose>
		<truncated>0</truncated>
		<difficult>0</difficult>
		<bndbox>
			<xmin>633</xmin>
			<ymin>367</ymin>
			<xmax>864</xmax>
			<ymax>605</ymax>
		</bndbox>
	</object>
	<object>
		<name>GWHNGD-Bai_Se_Shuang_Er_Pan</name>
		<pose>Unspecified</pose>
		<truncated>0</truncated>
		<difficult>0</difficult>
		<bndbox>
			<xmin>80</xmin>
			<ymin>362</ymin>
			<xmax>332</xmax>
			<ymax>628</ymax>
		</bndbox>
	</object>
	<object>
		<name>GWHNGD-Bai_Se_Tuo_Yuan_Pan</name>
		<pose>Unspecified</pose>
		<truncated>0</truncated>
		<difficult>0</difficult>
		<bndbox>
			<xmin>139</xmin>
			<ymin>44</ymin>
			<xmax>436</xmax>
			<ymax>387</ymax>
		</bndbox>
	</object>
</annotation>
