<annotation>
	<folder>src</folder>
	<filename>20201120_092706.jpg</filename>
	<path>D:\src\src\20201120_092706.jpg</path>
	<source>
		<database>Unknown</database>
	</source>
	<size>
		<width>1024</width>
		<height>768</height>
		<depth>3</depth>
	</size>
	<segmented>0</segmented>
	<object>
		<name>GWHNGD-Bai_Se_Fan_Wan</name>
		<pose>Unspecified</pose>
		<truncated>0</truncated>
		<difficult>0</difficult>
		<bndbox>
			<xmin>403</xmin>
			<ymin>68</ymin>
			<xmax>675</xmax>
			<ymax>334</ymax>
		</bndbox>
	</object>
	<object>
		<name>GWHNGD-Bai_Se_Si_Fang_Pan</name>
		<pose>Unspecified</pose>
		<truncated>0</truncated>
		<difficult>0</difficult>
		<bndbox>
			<xmin>527</xmin>
			<ymin>411</ymin>
			<xmax>789</xmax>
			<ymax>677</ymax>
		</bndbox>
	</object>
	<object>
		<name>GWHNGD-Bai_Se_Fang_Wan</name>
		<pose>Unspecified</pose>
		<truncated>0</truncated>
		<difficult>0</difficult>
		<bndbox>
			<xmin>654</xmin>
			<ymin>83</ymin>
			<xmax>880</xmax>
			<ymax>319</ymax>
		</bndbox>
	</object>
	<object>
		<name>GWHNGD-Bai_Se_Shuang_Er_Pan</name>
		<pose>Unspecified</pose>
		<truncated>0</truncated>
		<difficult>0</difficult>
		<bndbox>
			<xmin>278</xmin>
			<ymin>361</ymin>
			<xmax>552</xmax>
			<ymax>644</ymax>
		</bndbox>
	</object>
	<object>
		<name>GWHNGD-Bai_Se_Tuo_Yuan_Pan</name>
		<pose>Unspecified</pose>
		<truncated>0</truncated>
		<difficult>0</difficult>
		<bndbox>
			<xmin>96</xmin>
			<ymin>87</ymin>
			<xmax>320</xmax>
			<ymax>468</ymax>
		</bndbox>
	</object>
</annotation>
