<annotation>
	<folder>src</folder>
	<filename>20201201_131219_3.jpg</filename>
	<path>D:\src\20201201_131219_3.jpg</path>
	<source>
		<database>Unknown</database>
	</source>
	<size>
		<width>1024</width>
		<height>768</height>
		<depth>3</depth>
	</size>
	<segmented>0</segmented>
	<object>
		<name>GWHNGD-Lv_Se_Mian_Wan</name>
		<pose>Unspecified</pose>
		<truncated>0</truncated>
		<difficult>0</difficult>
		<bndbox>
			<xmin>264</xmin>
			<ymin>159</ymin>
			<xmax>689</xmax>
			<ymax>582</ymax>
		</bndbox>
	</object>
</annotation>
