<annotation>
	<folder>src</folder>
	<filename>20201120_092615.jpg</filename>
	<path>D:\src\src\20201120_092615.jpg</path>
	<source>
		<database>Unknown</database>
	</source>
	<size>
		<width>1024</width>
		<height>768</height>
		<depth>3</depth>
	</size>
	<segmented>0</segmented>
	<object>
		<name>GWHNGD-Bai_Se_Fan_Wan</name>
		<pose>Unspecified</pose>
		<truncated>0</truncated>
		<difficult>0</difficult>
		<bndbox>
			<xmin>246</xmin>
			<ymin>35</ymin>
			<xmax>514</xmax>
			<ymax>302</ymax>
		</bndbox>
	</object>
	<object>
		<name>GWHNGD-Bai_Se_Si_Fang_Pan</name>
		<pose>Unspecified</pose>
		<truncated>0</truncated>
		<difficult>0</difficult>
		<bndbox>
			<xmin>536</xmin>
			<ymin>422</ymin>
			<xmax>812</xmax>
			<ymax>702</ymax>
		</bndbox>
	</object>
	<object>
		<name>GWHNGD-Bai_Se_Fang_Wan</name>
		<pose>Unspecified</pose>
		<truncated>0</truncated>
		<difficult>0</difficult>
		<bndbox>
			<xmin>622</xmin>
			<ymin>139</ymin>
			<xmax>884</xmax>
			<ymax>410</ymax>
		</bndbox>
	</object>
	<object>
		<name>GWHNGD-Bai_Se_Shuang_Er_Pan</name>
		<pose>Unspecified</pose>
		<truncated>0</truncated>
		<difficult>0</difficult>
		<bndbox>
			<xmin>284</xmin>
			<ymin>375</ymin>
			<xmax>579</xmax>
			<ymax>653</ymax>
		</bndbox>
	</object>
	<object>
		<name>GWHNGD-Bai_Se_Tuo_Yuan_Pan</name>
		<pose>Unspecified</pose>
		<truncated>0</truncated>
		<difficult>0</difficult>
		<bndbox>
			<xmin>57</xmin>
			<ymin>254</ymin>
			<xmax>417</xmax>
			<ymax>503</ymax>
		</bndbox>
	</object>
</annotation>
